{"cameraMode":{"drawMode":0,"name":"Shaded","section":"Shading Mode"},"sceneLighting":true,"audioPlay":false,"sceneViewState":{"m_AlwaysRefresh":false,"showFog":true,"showSkybox":true,"showFlares":true,"showImageEffects":true,"showParticleSystems":true,"showVisualEffectGraphs":true,"m_FxEnabled":true},"in2DMode":false,"pivot":{"x":7.442257881164551,"y":0.7876040935516357,"z":9.449999809265137},"rotation":{"x":0.16658799350261689,"y":-0.20108090341091157,"z":0.034724779427051547,"w":0.9646863341331482},"size":0.51337730884552,"orthographic":false}