{"cameraMode":{"drawMode":0,"name":"Shaded","section":"Shading Mode"},"sceneLighting":false,"audioPlay":false,"sceneViewState":{"m_AlwaysRefresh":false,"showFog":true,"showSkybox":false,"showFlares":true,"showImageEffects":true,"showParticleSystems":true,"showVisualEffectGraphs":true,"m_FxEnabled":true},"in2DMode":false,"pivot":{"x":1.2676105499267579,"y":0.16435635089874268,"z":9.459853172302246},"rotation":{"x":0.1760583519935608,"y":-0.014764444902539254,"z":0.002641822909936309,"w":0.9842712879180908},"size":2.0153820514678957,"orthographic":false}